id,firstname,lastname,email
1,Alan,Schneider,alan-schneider@gmail.com
2,Andrii,Moreno,andrii-moreno@gmail.com
3,Angela,Smyth,angela-smyth@gmail.com
4,Ashley,Campos,ashley-campos@gmail.com
5,Ashton,Woods,ashton-woods@gmail.com
6,Austin,Little,austin-little@gmail.com
7,Beth,Guzman,beth-guzman@gmail.com
8,Brenton,Joyce,brenton-joyce@gmail.com
9,Camilla,Acosta,camilla-acosta@gmail.com
10,Chris,Hooper,chris-hooper@gmail.com
11,Dan,Chandler,dan-chandler@gmail.com
12,Daniel,Hodges,daniel-hodges@gmail.com
13,David,Pratt,david-pratt@gmail.com
14,Don,Parsons,don-parsons@gmail.com
15,Eddie,Howell,eddie-howell@gmail.com
16,Gosia,Ali,gosia-ali@gmail.com
17,Hampton,James,hampton-james@gmail.com
18,Jake,Stuart,jake-stuart@gmail.com
19,James,Watts,james-watts@gmail.com
20,Jason,Mcdaniel,jason-mcdaniel@gmail.com
21,Jaya,Shah,jaya-shah@gmail.com
22,Jen,Vaughn,jen-vaughn@gmail.com
23,Jim,Osborne,jim-osborne@gmail.com
24,John,Todd,john-todd@gmail.com
25,Jon,Li,jon-li@gmail.com
26,Josee,Montgomery,josee-montgomery@gmail.com
27,Joshua,Patterson,joshua-patterson@gmail.com
28,Justin,Riley,justin-riley@gmail.com
29,Kass,Blair,kass-blair@gmail.com
30,Katy,Lawson,katy-lawson@gmail.com
31,Keisha,Coleman,keisha-coleman@gmail.com
32,Koffi,Park,koffi-park@gmail.com
33,Laura,Millar,laura-millar@gmail.com
34,Lauren,Owen,lauren-owen@gmail.com
35,Lisa,Marshall,lisa-marshall@gmail.com
36,Matt,Stone,matt-stone@gmail.com
37,Matthew,Yates,matthew-yates@gmail.com
38,Matt,Drake,matt-drake@gmail.com
39,Meghan,Griffin,meghan-griffin@gmail.com
40,Michael,Johnston,michael-johnston@gmail.com
41,Oleksandr,Bass,oleksandr-bass@gmail.com
42,Paul,Pierce,paul-pierce@gmail.com
43,Pierre,Coates,pierre-coates@gmail.com
44,Richard,Cook,richard-cook@gmail.com
45,Ryan,Newton,ryan-newton@gmail.com
46,Sean,Lyons,sean-lyons@gmail.com
47,Shayna,Banks,shayna-banks@gmail.com
48,Simon,Paul,simon-paul@gmail.com
49,Stanislav,Goodman,stanislav-goodman@gmail.com
50,Thomas,Herbert,thomas-herbert@gmail.com